id,review
1,I love this app! It is so useful and easy to use.
2,Terrible experience. The app crashes all the time.
3,Decent app but needs improvement in the UI.
4,Fantastic! This app has changed my life.
5,"The app is okay, but it lacks many features."
6,Worst app ever. It is full of bugs.
7,Excellent functionality and user-friendly design.
8,"Not bad, but there are better alternatives out there."
9,I'm very satisfied with this app. Highly recommended!
10,The app is slow and unresponsive at times.
11,"Good app, but it could use some updates."
12,I had a bad experience. The customer support is unhelpful.
13,Amazing app! Very intuitive and efficient.
14,It's an average app. Nothing special.
15,I've been using this app for months and I love it.
16,Disappointed. The app doesn't work as advertised.
17,"Pretty good app, but there's room for improvement."
18,I wouldn't recommend this app to anyone.
19,"The app is great, but it crashes occasionally."
20,Very pleased with this app. It meets all my needs.
21,This app exceeded my expectations.
22,The interface is cluttered and confusing.
23,"Great app, but a bit overpriced."
24,Very buggy. Needs a lot of improvements.
25,The customer service was excellent.
26,I found this app to be very intuitive.
27,Not worth the money. I want a refund.
28,The best app in its category!
29,The latest update broke many features.
30,Highly useful for my daily tasks.
31,I encountered frequent crashes.
32,Very satisfied with the performance.
33,The design is sleek and modern.
34,The app is not compatible with my device.
35,I love the new features in the latest update.
36,The app drains my battery quickly.
37,User-friendly and efficient.
38,Too many ads make it unusable.
39,Reliable and performs well.
40,The app is okay but needs more features.
41,"Itâ€™s good, but I had higher expectations."
42,Iâ€™ve had a smooth experience so far.
43,Not intuitive at all. Very complicated.
44,One of the best apps Iâ€™ve used.
45,The app often freezes and crashes.
46,Helpful customer support.
47,The app doesnâ€™t have enough tutorials.
48,Fantastic performance and reliability.
49,I wouldnâ€™t use any other app.
50,The app could use a dark mode.